Area Code,Area Code (M49),Area,Item Code,Item,Element Code,Element,Year Code,Year,Unit,Value,Flag,Note
16,'050,Bangladesh,1357,Pesticides (total),5157,Agricultural Use,1990,1990,t,1266.0,A,
16,'050,Bangladesh,1357,Pesticides (total),5157,Agricultural Use,1991,1991,t,1287.0,A,
16,'050,Bangladesh,1357,Pesticides (total),5157,Agricultural Use,1992,1992,t,1453.0,A,
16,'050,Bangladesh,1357,Pesticides (total),5157,Agricultural Use,1993,1993,t,1487.0,A,
16,'050,Bangladesh,1357,Pesticides (total),5157,Agricultural Use,1994,1994,t,1595.0,I,
16,'050,Bangladesh,1357,Pesticides (total),5157,Agricultural Use,1995,1995,t,1702.0,A,
16,'050,Bangladesh,1357,Pesticides (total),5157,Agricultural Use,1996,1996,t,1919.0,A,
16,'050,Bangladesh,1357,Pesticides (total),5157,Agricultural Use,1997,1997,t,2035.0,A,
16,'050,Bangladesh,1357,Pesticides (total),5157,Agricultural Use,1998,1998,t,2068.0,A,
16,'050,Bangladesh,1357,Pesticides (total),5157,Agricultural Use,1999,1999,t,2532.0,A,
16,'050,Bangladesh,1357,Pesticides (total),5157,Agricultural Use,2000,2000,t,3170.0,A,
16,'050,Bangladesh,1357,Pesticides (total),5157,Agricultural Use,2001,2001,t,3335.0,E,
16,'050,Bangladesh,1357,Pesticides (total),5157,Agricultural Use,2002,2002,t,4206.0,E,
16,'050,Bangladesh,1357,Pesticides (total),5157,Agricultural Use,2003,2003,t,5463.0,E,
16,'050,Bangladesh,1357,Pesticides (total),5157,Agricultural Use,2004,2004,t,6996.0,E,
16,'050,Bangladesh,1357,Pesticides (total),5157,Agricultural Use,2005,2005,t,8091.0,E,
16,'050,Bangladesh,1357,Pesticides (total),5157,Agricultural Use,2006,2006,t,9413.0,E,
16,'050,Bangladesh,1357,Pesticides (total),5157,Agricultural Use,2007,2007,t,10915.0,E,
16,'050,Bangladesh,1357,Pesticides (total),5157,Agricultural Use,2008,2008,t,12403.0,E,
16,'050,Bangladesh,1357,Pesticides (total),5157,Agricultural Use,2009,2009,t,13756.0,A,
16,'050,Bangladesh,1357,Pesticides (total),5157,Agricultural Use,2010,2010,t,13251.0,A,
16,'050,Bangladesh,1357,Pesticides (total),5157,Agricultural Use,2011,2011,t,14798.0,A,
16,'050,Bangladesh,1357,Pesticides (total),5157,Agricultural Use,2012,2012,t,13289.0,A,
16,'050,Bangladesh,1357,Pesticides (total),5157,Agricultural Use,2013,2013,t,15330.0,A,
16,'050,Bangladesh,1357,Pesticides (total),5157,Agricultural Use,2014,2014,t,15857.0,A,
16,'050,Bangladesh,1357,Pesticides (total),5157,Agricultural Use,2015,2015,t,13364.0,A,
16,'050,Bangladesh,1357,Pesticides (total),5157,Agricultural Use,2016,2016,t,14388.0,A,
16,'050,Bangladesh,1357,Pesticides (total),5157,Agricultural Use,2017,2017,t,15144.0,A,
16,'050,Bangladesh,1357,Pesticides (total),5157,Agricultural Use,2018,2018,t,15265.0,I,
16,'050,Bangladesh,1357,Pesticides (total),5157,Agricultural Use,2019,2019,t,15386.0,I,
16,'050,Bangladesh,1357,Pesticides (total),5157,Agricultural Use,2020,2020,t,15506.0,A,
16,'050,Bangladesh,1357,Pesticides (total),5157,Agricultural Use,2021,2021,t,15506.0,I,
16,'050,Bangladesh,1357,Pesticides (total),5157,Agricultural Use,2022,2022,t,15506.0,E,
16,'050,Bangladesh,1357,Pesticides (total),5157,Agricultural Use,2023,2023,t,15506.0,E,
16,'050,Bangladesh,1357,Pesticides (total),5157,Agricultural Use,2024,2024,t,15506.0,E,
16,'050,Bangladesh,1357,Pesticides (total),5159,Use per area of cropland,1990,1990,kg/ha,0.13,E,
16,'050,Bangladesh,1357,Pesticides (total),5159,Use per area of cropland,1991,1991,kg/ha,0.13,E,
16,'050,Bangladesh,1357,Pesticides (total),5159,Use per area of cropland,1992,1992,kg/ha,0.16,E,
16,'050,Bangladesh,1357,Pesticides (total),5159,Use per area of cropland,1993,1993,kg/ha,0.17,E,
16,'050,Bangladesh,1357,Pesticides (total),5159,Use per area of cropland,1994,1994,kg/ha,0.18,E,
16,'050,Bangladesh,1357,Pesticides (total),5159,Use per area of cropland,1995,1995,kg/ha,0.19,E,
16,'050,Bangladesh,1357,Pesticides (total),5159,Use per area of cropland,1996,1996,kg/ha,0.22,E,
16,'050,Bangladesh,1357,Pesticides (total),5159,Use per area of cropland,1997,1997,kg/ha,0.23,E,
16,'050,Bangladesh,1357,Pesticides (total),5159,Use per area of cropland,1998,1998,kg/ha,0.23,E,
16,'050,Bangladesh,1357,Pesticides (total),5159,Use per area of cropland,1999,1999,kg/ha,0.28,E,
16,'050,Bangladesh,1357,Pesticides (total),5159,Use per area of cropland,2000,2000,kg/ha,0.36,E,
16,'050,Bangladesh,1357,Pesticides (total),5159,Use per area of cropland,2001,2001,kg/ha,0.38,E,
16,'050,Bangladesh,1357,Pesticides (total),5159,Use per area of cropland,2002,2002,kg/ha,0.48,E,
16,'050,Bangladesh,1357,Pesticides (total),5159,Use per area of cropland,2003,2003,kg/ha,0.63,E,
16,'050,Bangladesh,1357,Pesticides (total),5159,Use per area of cropland,2004,2004,kg/ha,0.8,E,
16,'050,Bangladesh,1357,Pesticides (total),5159,Use per area of cropland,2005,2005,kg/ha,0.93,E,
16,'050,Bangladesh,1357,Pesticides (total),5159,Use per area of cropland,2006,2006,kg/ha,1.08,E,
16,'050,Bangladesh,1357,Pesticides (total),5159,Use per area of cropland,2007,2007,kg/ha,1.26,E,
16,'050,Bangladesh,1357,Pesticides (total),5159,Use per area of cropland,2008,2008,kg/ha,1.43,E,
16,'050,Bangladesh,1357,Pesticides (total),5159,Use per area of cropland,2009,2009,kg/ha,1.59,E,
16,'050,Bangladesh,1357,Pesticides (total),5159,Use per area of cropland,2010,2010,kg/ha,1.53,E,
16,'050,Bangladesh,1357,Pesticides (total),5159,Use per area of cropland,2011,2011,kg/ha,1.74,E,
16,'050,Bangladesh,1357,Pesticides (total),5159,Use per area of cropland,2012,2012,kg/ha,1.56,E,
16,'050,Bangladesh,1357,Pesticides (total),5159,Use per area of cropland,2013,2013,kg/ha,1.8,E,
16,'050,Bangladesh,1357,Pesticides (total),5159,Use per area of cropland,2014,2014,kg/ha,1.87,E,
16,'050,Bangladesh,1357,Pesticides (total),5159,Use per area of cropland,2015,2015,kg/ha,1.56,E,
16,'050,Bangladesh,1357,Pesticides (total),5159,Use per area of cropland,2016,2016,kg/ha,1.67,E,
16,'050,Bangladesh,1357,Pesticides (total),5159,Use per area of cropland,2017,2017,kg/ha,1.76,E,
16,'050,Bangladesh,1357,Pesticides (total),5159,Use per area of cropland,2018,2018,kg/ha,1.77,E,
16,'050,Bangladesh,1357,Pesticides (total),5159,Use per area of cropland,2019,2019,kg/ha,1.75,E,
16,'050,Bangladesh,1357,Pesticides (total),5159,Use per area of cropland,2020,2020,kg/ha,1.76,E,
16,'050,Bangladesh,1357,Pesticides (total),5159,Use per area of cropland,2021,2021,kg/ha,1.76,E,
16,'050,Bangladesh,1357,Pesticides (total),5159,Use per area of cropland,2022,2022,kg/ha,1.76,E,
16,'050,Bangladesh,1357,Pesticides (total),5159,Use per area of cropland,2023,2023,kg/ha,1.76,E,
16,'050,Bangladesh,1357,Pesticides (total),5159,Use per area of cropland,2024,2024,kg/ha,1.76,E,
16,'050,Bangladesh,1357,Pesticides (total),5172,Use per capita,1990,1990,kg/cap,0.01,E,
16,'050,Bangladesh,1357,Pesticides (total),5172,Use per capita,1991,1991,kg/cap,0.01,E,
16,'050,Bangladesh,1357,Pesticides (total),5172,Use per capita,1992,1992,kg/cap,0.01,E,
16,'050,Bangladesh,1357,Pesticides (total),5172,Use per capita,1993,1993,kg/cap,0.01,E,
16,'050,Bangladesh,1357,Pesticides (total),5172,Use per capita,1994,1994,kg/cap,0.01,E,
16,'050,Bangladesh,1357,Pesticides (total),5172,Use per capita,1995,1995,kg/cap,0.01,E,
16,'050,Bangladesh,1357,Pesticides (total),5172,Use per capita,1996,1996,kg/cap,0.02,E,
16,'050,Bangladesh,1357,Pesticides (total),5172,Use per capita,1997,1997,kg/cap,0.02,E,
16,'050,Bangladesh,1357,Pesticides (total),5172,Use per capita,1998,1998,kg/cap,0.02,E,
16,'050,Bangladesh,1357,Pesticides (total),5172,Use per capita,1999,1999,kg/cap,0.02,E,
16,'050,Bangladesh,1357,Pesticides (total),5172,Use per capita,2000,2000,kg/cap,0.02,E,
16,'050,Bangladesh,1357,Pesticides (total),5172,Use per capita,2001,2001,kg/cap,0.02,E,
16,'050,Bangladesh,1357,Pesticides (total),5172,Use per capita,2002,2002,kg/cap,0.03,E,
16,'050,Bangladesh,1357,Pesticides (total),5172,Use per capita,2003,2003,kg/cap,0.04,E,
16,'050,Bangladesh,1357,Pesticides (total),5172,Use per capita,2004,2004,kg/cap,0.05,E,
16,'050,Bangladesh,1357,Pesticides (total),5172,Use per capita,2005,2005,kg/cap,0.06,E,
16,'050,Bangladesh,1357,Pesticides (total),5172,Use per capita,2006,2006,kg/cap,0.06,E,
16,'050,Bangladesh,1357,Pesticides (total),5172,Use per capita,2007,2007,kg/cap,0.07,E,
16,'050,Bangladesh,1357,Pesticides (total),5172,Use per capita,2008,2008,kg/cap,0.08,E,
16,'050,Bangladesh,1357,Pesticides (total),5172,Use per capita,2009,2009,kg/cap,0.09,E,
16,'050,Bangladesh,1357,Pesticides (total),5172,Use per capita,2010,2010,kg/cap,0.09,E,
16,'050,Bangladesh,1357,Pesticides (total),5172,Use per capita,2011,2011,kg/cap,0.1,E,
16,'050,Bangladesh,1357,Pesticides (total),5172,Use per capita,2012,2012,kg/cap,0.09,E,
16,'050,Bangladesh,1357,Pesticides (total),5172,Use per capita,2013,2013,kg/cap,0.1,E,
16,'050,Bangladesh,1357,Pesticides (total),5172,Use per capita,2014,2014,kg/cap,0.1,E,
16,'050,Bangladesh,1357,Pesticides (total),5172,Use per capita,2015,2015,kg/cap,0.08,E,
16,'050,Bangladesh,1357,Pesticides (total),5172,Use per capita,2016,2016,kg/cap,0.09,E,
16,'050,Bangladesh,1357,Pesticides (total),5172,Use per capita,2017,2017,kg/cap,0.09,E,
16,'050,Bangladesh,1357,Pesticides (total),5172,Use per capita,2018,2018,kg/cap,0.09,E,
16,'050,Bangladesh,1357,Pesticides (total),5172,Use per capita,2019,2019,kg/cap,0.09,E,
16,'050,Bangladesh,1357,Pesticides (total),5172,Use per capita,2020,2020,kg/cap,0.09,E,
16,'050,Bangladesh,1357,Pesticides (total),5172,Use per capita,2021,2021,kg/cap,0.09,E,
16,'050,Bangladesh,1357,Pesticides (total),5172,Use per capita,2022,2022,kg/cap,0.09,E,
16,'050,Bangladesh,1357,Pesticides (total),5172,Use per capita,2023,2023,kg/cap,0.09,E,
16,'050,Bangladesh,1357,Pesticides (total),5172,Use per capita,2024,2024,kg/cap,0.09,E,
16,'050,Bangladesh,1357,Pesticides (total),5173,Use per value of agricultural production,1990,1990,g/Int$,0.08,E,
16,'050,Bangladesh,1357,Pesticides (total),5173,Use per value of agricultural production,1991,1991,g/Int$,0.08,E,
16,'050,Bangladesh,1357,Pesticides (total),5173,Use per value of agricultural production,1992,1992,g/Int$,0.09,E,
16,'050,Bangladesh,1357,Pesticides (total),5173,Use per value of agricultural production,1993,1993,g/Int$,0.09,E,
16,'050,Bangladesh,1357,Pesticides (total),5173,Use per value of agricultural production,1994,1994,g/Int$,0.1,E,
16,'050,Bangladesh,1357,Pesticides (total),5173,Use per value of agricultural production,1995,1995,g/Int$,0.11,E,
16,'050,Bangladesh,1357,Pesticides (total),5173,Use per value of agricultural production,1996,1996,g/Int$,0.11,E,
16,'050,Bangladesh,1357,Pesticides (total),5173,Use per value of agricultural production,1997,1997,g/Int$,0.12,E,
16,'050,Bangladesh,1357,Pesticides (total),5173,Use per value of agricultural production,1998,1998,g/Int$,0.12,E,
16,'050,Bangladesh,1357,Pesticides (total),5173,Use per value of agricultural production,1999,1999,g/Int$,0.12,E,
16,'050,Bangladesh,1357,Pesticides (total),5173,Use per value of agricultural production,2000,2000,g/Int$,0.15,E,
16,'050,Bangladesh,1357,Pesticides (total),5173,Use per value of agricultural production,2001,2001,g/Int$,0.15,E,
16,'050,Bangladesh,1357,Pesticides (total),5173,Use per value of agricultural production,2002,2002,g/Int$,0.19,E,
16,'050,Bangladesh,1357,Pesticides (total),5173,Use per value of agricultural production,2003,2003,g/Int$,0.24,E,
16,'050,Bangladesh,1357,Pesticides (total),5173,Use per value of agricultural production,2004,2004,g/Int$,0.31,E,
16,'050,Bangladesh,1357,Pesticides (total),5173,Use per value of agricultural production,2005,2005,g/Int$,0.32,E,
16,'050,Bangladesh,1357,Pesticides (total),5173,Use per value of agricultural production,2006,2006,g/Int$,0.37,E,
16,'050,Bangladesh,1357,Pesticides (total),5173,Use per value of agricultural production,2007,2007,g/Int$,0.42,E,
16,'050,Bangladesh,1357,Pesticides (total),5173,Use per value of agricultural production,2008,2008,g/Int$,0.42,E,
16,'050,Bangladesh,1357,Pesticides (total),5173,Use per value of agricultural production,2009,2009,g/Int$,0.47,E,
16,'050,Bangladesh,1357,Pesticides (total),5173,Use per value of agricultural production,2010,2010,g/Int$,0.43,E,
16,'050,Bangladesh,1357,Pesticides (total),5173,Use per value of agricultural production,2011,2011,g/Int$,0.45,E,
16,'050,Bangladesh,1357,Pesticides (total),5173,Use per value of agricultural production,2012,2012,g/Int$,0.4,E,
16,'050,Bangladesh,1357,Pesticides (total),5173,Use per value of agricultural production,2013,2013,g/Int$,0.44,E,
16,'050,Bangladesh,1357,Pesticides (total),5173,Use per value of agricultural production,2014,2014,g/Int$,0.44,E,
16,'050,Bangladesh,1357,Pesticides (total),5173,Use per value of agricultural production,2015,2015,g/Int$,0.36,E,
16,'050,Bangladesh,1357,Pesticides (total),5173,Use per value of agricultural production,2016,2016,g/Int$,0.38,E,
16,'050,Bangladesh,1357,Pesticides (total),5173,Use per value of agricultural production,2017,2017,g/Int$,0.37,E,
16,'050,Bangladesh,1357,Pesticides (total),5173,Use per value of agricultural production,2018,2018,g/Int$,0.37,E,
16,'050,Bangladesh,1357,Pesticides (total),5173,Use per value of agricultural production,2019,2019,g/Int$,0.36,E,
16,'050,Bangladesh,1357,Pesticides (total),5173,Use per value of agricultural production,2020,2020,g/Int$,0.35,E,
16,'050,Bangladesh,1357,Pesticides (total),5173,Use per value of agricultural production,2021,2021,g/Int$,0.34,E,
16,'050,Bangladesh,1357,Pesticides (total),5173,Use per value of agricultural production,2022,2022,g/Int$,0.33,E,
16,'050,Bangladesh,1357,Pesticides (total),5173,Use per value of agricultural production,2023,2023,g/Int$,0.31,E,
16,'050,Bangladesh,1357,Pesticides (total),5173,Use per value of agricultural production,2024,2024,g/Int$,0.31,E,
16,'050,Bangladesh,1309,Insecticides,5157,Agricultural Use,1990,1990,t,955.0,A,
16,'050,Bangladesh,1309,Insecticides,5157,Agricultural Use,1991,1991,t,992.0,A,
16,'050,Bangladesh,1309,Insecticides,5157,Agricultural Use,1992,1992,t,1102.0,A,
16,'050,Bangladesh,1309,Insecticides,5157,Agricultural Use,1993,1993,t,1124.0,A,
16,'050,Bangladesh,1309,Insecticides,5157,Agricultural Use,1994,1994,t,1139.0,I,
16,'050,Bangladesh,1309,Insecticides,5157,Agricultural Use,1995,1995,t,1154.0,A,
16,'050,Bangladesh,1309,Insecticides,5157,Agricultural Use,1996,1996,t,1300.0,A,
16,'050,Bangladesh,1309,Insecticides,5157,Agricultural Use,1997,1997,t,1411.0,A,
16,'050,Bangladesh,1309,Insecticides,5157,Agricultural Use,1998,1998,t,1368.0,A,
16,'050,Bangladesh,1309,Insecticides,5157,Agricultural Use,1999,1999,t,1651.0,A,
16,'050,Bangladesh,1309,Insecticides,5157,Agricultural Use,2000,2000,t,1910.0,A,
16,'050,Bangladesh,1309,Insecticides,5157,Agricultural Use,2001,2001,t,965.0,E,
16,'050,Bangladesh,1309,Insecticides,5157,Agricultural Use,2002,2002,t,834.0,E,
16,'050,Bangladesh,1309,Insecticides,5157,Agricultural Use,2003,2003,t,957.0,E,
16,'050,Bangladesh,1309,Insecticides,5157,Agricultural Use,2004,2004,t,1068.0,E,
16,'050,Bangladesh,1309,Insecticides,5157,Agricultural Use,2005,2005,t,1262.0,E,
16,'050,Bangladesh,1309,Insecticides,5157,Agricultural Use,2006,2006,t,1474.0,E,
16,'050,Bangladesh,1309,Insecticides,5157,Agricultural Use,2007,2007,t,1853.0,E,
16,'050,Bangladesh,1309,Insecticides,5157,Agricultural Use,2008,2008,t,2188.0,E,
16,'050,Bangladesh,1309,Insecticides,5157,Agricultural Use,2009,2009,t,2476.0,A,
16,'050,Bangladesh,1309,Insecticides,5157,Agricultural Use,2010,2010,t,2682.0,A,
16,'050,Bangladesh,1309,Insecticides,5157,Agricultural Use,2011,2011,t,2411.0,A,
16,'050,Bangladesh,1309,Insecticides,5157,Agricultural Use,2012,2012,t,1907.0,A,
16,'050,Bangladesh,1309,Insecticides,5157,Agricultural Use,2013,2013,t,1747.0,A,
16,'050,Bangladesh,1309,Insecticides,5157,Agricultural Use,2014,2014,t,1596.0,A,
16,'050,Bangladesh,1309,Insecticides,5157,Agricultural Use,2015,2015,t,1616.0,A,
16,'050,Bangladesh,1309,Insecticides,5157,Agricultural Use,2016,2016,t,1925.0,A,
16,'050,Bangladesh,1309,Insecticides,5157,Agricultural Use,2017,2017,t,2184.0,A,
16,'050,Bangladesh,1309,Insecticides,5157,Agricultural Use,2018,2018,t,2122.0,I,
16,'050,Bangladesh,1309,Insecticides,5157,Agricultural Use,2019,2019,t,2060.0,I,
16,'050,Bangladesh,1309,Insecticides,5157,Agricultural Use,2020,2020,t,1997.0,A,
16,'050,Bangladesh,1309,Insecticides,5157,Agricultural Use,2021,2021,t,1997.0,I,
16,'050,Bangladesh,1309,Insecticides,5157,Agricultural Use,2022,2022,t,1997.0,I,
16,'050,Bangladesh,1309,Insecticides,5157,Agricultural Use,2023,2023,t,1997.0,I,
16,'050,Bangladesh,1309,Insecticides,5157,Agricultural Use,2024,2024,t,1997.0,I,
16,'050,Bangladesh,1310,Insecticides â Chlorinated Hydrocarbons,5157,Agricultural Use,1990,1990,t,30.0,A,
16,'050,Bangladesh,1310,Insecticides â Chlorinated Hydrocarbons,5157,Agricultural Use,1991,1991,t,24.0,A,
16,'050,Bangladesh,1310,Insecticides â Chlorinated Hydrocarbons,5157,Agricultural Use,1992,1992,t,32.0,A,
16,'050,Bangladesh,1310,Insecticides â Chlorinated Hydrocarbons,5157,Agricultural Use,1993,1993,t,28.0,A,
16,'050,Bangladesh,1310,Insecticides â Chlorinated Hydrocarbons,5157,Agricultural Use,1995,1995,t,35.0,A,
16,'050,Bangladesh,1310,Insecticides â Chlorinated Hydrocarbons,5157,Agricultural Use,1996,1996,t,15.0,A,
16,'050,Bangladesh,1310,Insecticides â Chlorinated Hydrocarbons,5157,Agricultural Use,1997,1997,t,6.0,A,
16,'050,Bangladesh,1310,Insecticides â Chlorinated Hydrocarbons,5157,Agricultural Use,1998,1998,t,8.0,A,
16,'050,Bangladesh,1310,Insecticides â Chlorinated Hydrocarbons,5157,Agricultural Use,1999,1999,t,8.0,A,
16,'050,Bangladesh,1310,Insecticides â Chlorinated Hydrocarbons,5157,Agricultural Use,2000,2000,t,11.0,A,
16,'050,Bangladesh,1311,Insecticides â Organo-phosphates,5157,Agricultural Use,1990,1990,t,720.0,A,
16,'050,Bangladesh,1311,Insecticides â Organo-phosphates,5157,Agricultural Use,1991,1991,t,751.0,A,
16,'050,Bangladesh,1311,Insecticides â Organo-phosphates,5157,Agricultural Use,1992,1992,t,821.0,A,
16,'050,Bangladesh,1311,Insecticides â Organo-phosphates,5157,Agricultural Use,1993,1993,t,855.0,A,
16,'050,Bangladesh,1311,Insecticides â Organo-phosphates,5157,Agricultural Use,1995,1995,t,810.0,A,
16,'050,Bangladesh,1311,Insecticides â Organo-phosphates,5157,Agricultural Use,1996,1996,t,950.0,A,
16,'050,Bangladesh,1311,Insecticides â Organo-phosphates,5157,Agricultural Use,1997,1997,t,970.0,A,
16,'050,Bangladesh,1311,Insecticides â Organo-phosphates,5157,Agricultural Use,1998,1998,t,920.0,A,
16,'050,Bangladesh,1311,Insecticides â Organo-phosphates,5157,Agricultural Use,1999,1999,t,1040.0,A,
16,'050,Bangladesh,1311,Insecticides â Organo-phosphates,5157,Agricultural Use,2000,2000,t,1280.0,A,
16,'050,Bangladesh,1311,Insecticides â Organo-phosphates,5157,Agricultural Use,2001,2001,t,2922.0,I,
16,'050,Bangladesh,1311,Insecticides â Organo-phosphates,5157,Agricultural Use,2002,2002,t,2875.0,I,
16,'050,Bangladesh,1311,Insecticides â Organo-phosphates,5157,Agricultural Use,2003,2003,t,3241.0,I,
16,'050,Bangladesh,1311,Insecticides â Organo-phosphates,5157,Agricultural Use,2004,2004,t,3126.0,I,
16,'050,Bangladesh,1311,Insecticides â Organo-phosphates,5157,Agricultural Use,2005,2005,t,4133.0,I,
16,'050,Bangladesh,1311,Insecticides â Organo-phosphates,5157,Agricultural Use,2006,2006,t,4572.0,I,
16,'050,Bangladesh,1311,Insecticides â Organo-phosphates,5157,Agricultural Use,2007,2007,t,5750.0,I,
16,'050,Bangladesh,1311,Insecticides â Organo-phosphates,5157,Agricultural Use,2008,2008,t,6788.0,I,
16,'050,Bangladesh,1311,Insecticides â Organo-phosphates,5157,Agricultural Use,2009,2009,t,1199.0,A,
16,'050,Bangladesh,1311,Insecticides â Organo-phosphates,5157,Agricultural Use,2010,2010,t,1234.0,A,
16,'050,Bangladesh,1311,Insecticides â Organo-phosphates,5157,Agricultural Use,2011,2011,t,1006.0,A,
16,'050,Bangladesh,1311,Insecticides â Organo-phosphates,5157,Agricultural Use,2012,2012,t,681.0,A,
16,'050,Bangladesh,1311,Insecticides â Organo-phosphates,5157,Agricultural Use,2013,2013,t,578.0,A,
16,'050,Bangladesh,1311,Insecticides â Organo-phosphates,5157,Agricultural Use,2014,2014,t,520.0,A,
16,'050,Bangladesh,1311,Insecticides â Organo-phosphates,5157,Agricultural Use,2015,2015,t,613.0,A,
16,'050,Bangladesh,1311,Insecticides â Organo-phosphates,5157,Agricultural Use,2016,2016,t,714.0,A,
16,'050,Bangladesh,1311,Insecticides â Organo-phosphates,5157,Agricultural Use,2017,2017,t,994.0,A,
16,'050,Bangladesh,1311,Insecticides â Organo-phosphates,5157,Agricultural Use,2020,2020,t,615.0,A,
16,'050,Bangladesh,1312,Insecticides â Carbamates,5157,Agricultural Use,1990,1990,t,170.0,A,
16,'050,Bangladesh,1312,Insecticides â Carbamates,5157,Agricultural Use,1991,1991,t,182.0,A,
16,'050,Bangladesh,1312,Insecticides â Carbamates,5157,Agricultural Use,1992,1992,t,202.0,A,
16,'050,Bangladesh,1312,Insecticides â Carbamates,5157,Agricultural Use,1993,1993,t,210.0,A,
16,'050,Bangladesh,1312,Insecticides â Carbamates,5157,Agricultural Use,1995,1995,t,250.0,A,
16,'050,Bangladesh,1312,Insecticides â Carbamates,5157,Agricultural Use,1996,1996,t,270.0,A,
16,'050,Bangladesh,1312,Insecticides â Carbamates,5157,Agricultural Use,1997,1997,t,372.0,A,
16,'050,Bangladesh,1312,Insecticides â Carbamates,5157,Agricultural Use,1998,1998,t,390.0,A,
16,'050,Bangladesh,1312,Insecticides â Carbamates,5157,Agricultural Use,1999,1999,t,515.0,A,
16,'050,Bangladesh,1312,Insecticides â Carbamates,5157,Agricultural Use,2000,2000,t,520.0,A,
16,'050,Bangladesh,1312,Insecticides â Carbamates,5157,Agricultural Use,2001,2001,t,8720.0,I,
16,'050,Bangladesh,1312,Insecticides â Carbamates,5157,Agricultural Use,2002,2002,t,7241.0,I,
16,'050,Bangladesh,1312,Insecticides â Carbamates,5157,Agricultural Use,2003,2003,t,8218.0,I,
16,'050,Bangladesh,1312,Insecticides â Carbamates,5157,Agricultural Use,2004,2004,t,9671.0,I,
16,'050,Bangladesh,1312,Insecticides â Carbamates,5157,Agricultural Use,2005,2005,t,10885.0,I,
16,'050,Bangladesh,1312,Insecticides â Carbamates,5157,Agricultural Use,2006,2006,t,12797.0,I,
16,'050,Bangladesh,1312,Insecticides â Carbamates,5157,Agricultural Use,2007,2007,t,16096.0,I,
16,'050,Bangladesh,1312,Insecticides â Carbamates,5157,Agricultural Use,2008,2008,t,19001.0,I,
16,'050,Bangladesh,1312,Insecticides â Carbamates,5157,Agricultural Use,2009,2009,t,745.0,A,
16,'050,Bangladesh,1312,Insecticides â Carbamates,5157,Agricultural Use,2010,2010,t,873.0,A,
16,'050,Bangladesh,1312,Insecticides â Carbamates,5157,Agricultural Use,2011,2011,t,925.0,A,
16,'050,Bangladesh,1312,Insecticides â Carbamates,5157,Agricultural Use,2012,2012,t,802.0,A,
16,'050,Bangladesh,1312,Insecticides â Carbamates,5157,Agricultural Use,2013,2013,t,758.0,A,
16,'050,Bangladesh,1312,Insecticides â Carbamates,5157,Agricultural Use,2014,2014,t,682.0,A,
16,'050,Bangladesh,1312,Insecticides â Carbamates,5157,Agricultural Use,2015,2015,t,440.0,A,
16,'050,Bangladesh,1312,Insecticides â Carbamates,5157,Agricultural Use,2016,2016,t,453.0,A,
16,'050,Bangladesh,1312,Insecticides â Carbamates,5157,Agricultural Use,2017,2017,t,442.0,A,
16,'050,Bangladesh,1312,Insecticides â Carbamates,5157,Agricultural Use,2020,2020,t,378.0,A,
16,'050,Bangladesh,1313,Insecticides â Pyrethroids,5157,Agricultural Use,1990,1990,t,9.0,A,
16,'050,Bangladesh,1313,Insecticides â Pyrethroids,5157,Agricultural Use,1991,1991,t,9.0,A,
16,'050,Bangladesh,1313,Insecticides â Pyrethroids,5157,Agricultural Use,1992,1992,t,14.0,A,
16,'050,Bangladesh,1313,Insecticides â Pyrethroids,5157,Agricultural Use,1993,1993,t,13.0,A,
16,'050,Bangladesh,1313,Insecticides â Pyrethroids,5157,Agricultural Use,1995,1995,t,14.0,A,
16,'050,Bangladesh,1313,Insecticides â Pyrethroids,5157,Agricultural Use,1996,1996,t,15.0,A,
16,'050,Bangladesh,1313,Insecticides â Pyrethroids,5157,Agricultural Use,1997,1997,t,8.0,A,
16,'050,Bangladesh,1313,Insecticides â Pyrethroids,5157,Agricultural Use,1998,1998,t,5.0,A,
16,'050,Bangladesh,1313,Insecticides â Pyrethroids,5157,Agricultural Use,1999,1999,t,18.0,A,
16,'050,Bangladesh,1313,Insecticides â Pyrethroids,5157,Agricultural Use,2000,2000,t,23.0,A,
16,'050,Bangladesh,1313,Insecticides â Pyrethroids,5157,Agricultural Use,2001,2001,t,295.0,I,
16,'050,Bangladesh,1313,Insecticides â Pyrethroids,5157,Agricultural Use,2002,2002,t,194.0,I,
16,'050,Bangladesh,1313,Insecticides â Pyrethroids,5157,Agricultural Use,2003,2003,t,374.0,I,
16,'050,Bangladesh,1313,Insecticides â Pyrethroids,5157,Agricultural Use,2004,2004,t,404.0,I,
16,'050,Bangladesh,1313,Insecticides â Pyrethroids,5157,Agricultural Use,2005,2005,t,566.0,I,
16,'050,Bangladesh,1313,Insecticides â Pyrethroids,5157,Agricultural Use,2006,2006,t,823.0,I,
16,'050,Bangladesh,1313,Insecticides â Pyrethroids,5157,Agricultural Use,2007,2007,t,1035.0,I,
16,'050,Bangladesh,1313,Insecticides â Pyrethroids,5157,Agricultural Use,2008,2008,t,1222.0,I,
16,'050,Bangladesh,1313,Insecticides â Pyrethroids,5157,Agricultural Use,2009,2009,t,108.0,A,
16,'050,Bangladesh,1313,Insecticides â Pyrethroids,5157,Agricultural Use,2010,2010,t,121.0,A,
16,'050,Bangladesh,1313,Insecticides â Pyrethroids,5157,Agricultural Use,2011,2011,t,74.0,A,
16,'050,Bangladesh,1313,Insecticides â Pyrethroids,5157,Agricultural Use,2012,2012,t,72.0,A,
16,'050,Bangladesh,1313,Insecticides â Pyrethroids,5157,Agricultural Use,2013,2013,t,79.0,A,
16,'050,Bangladesh,1313,Insecticides â Pyrethroids,5157,Agricultural Use,2014,2014,t,75.0,A,
16,'050,Bangladesh,1313,Insecticides â Pyrethroids,5157,Agricultural Use,2015,2015,t,64.0,A,
16,'050,Bangladesh,1313,Insecticides â Pyrethroids,5157,Agricultural Use,2016,2016,t,94.0,A,
16,'050,Bangladesh,1313,Insecticides â Pyrethroids,5157,Agricultural Use,2017,2017,t,113.0,A,
16,'050,Bangladesh,1313,Insecticides â Pyrethroids,5157,Agricultural Use,2020,2020,t,131.0,A,
16,'050,Bangladesh,1314,Insecticides - Biopesticides,5157,Agricultural Use,2009,2009,t,13.0,A,
16,'050,Bangladesh,1314,Insecticides - Biopesticides,5157,Agricultural Use,2010,2010,t,12.0,A,
16,'050,Bangladesh,1314,Insecticides - Biopesticides,5157,Agricultural Use,2011,2011,t,15.0,A,
16,'050,Bangladesh,1314,Insecticides - Biopesticides,5157,Agricultural Use,2012,2012,t,19.0,A,
16,'050,Bangladesh,1314,Insecticides - Biopesticides,5157,Agricultural Use,2013,2013,t,21.0,A,
16,'050,Bangladesh,1314,Insecticides - Biopesticides,5157,Agricultural Use,2014,2014,t,23.0,A,
16,'050,Bangladesh,1314,Insecticides - Biopesticides,5157,Agricultural Use,2015,2015,t,28.0,A,
16,'050,Bangladesh,1314,Insecticides - Biopesticides,5157,Agricultural Use,2016,2016,t,35.0,A,
16,'050,Bangladesh,1314,Insecticides - Biopesticides,5157,Agricultural Use,2017,2017,t,41.0,A,
16,'050,Bangladesh,1314,Insecticides - Biopesticides,5157,Agricultural Use,2020,2020,t,65.0,A,
16,'050,Bangladesh,1315,Insecticides - nes,5157,Agricultural Use,1990,1990,t,26.0,A,
16,'050,Bangladesh,1315,Insecticides - nes,5157,Agricultural Use,1991,1991,t,26.0,A,
16,'050,Bangladesh,1315,Insecticides - nes,5157,Agricultural Use,1992,1992,t,33.0,A,
16,'050,Bangladesh,1315,Insecticides - nes,5157,Agricultural Use,1993,1993,t,18.0,A,
16,'050,Bangladesh,1315,Insecticides - nes,5157,Agricultural Use,1995,1995,t,45.0,A,
16,'050,Bangladesh,1315,Insecticides - nes,5157,Agricultural Use,1996,1996,t,50.0,A,
16,'050,Bangladesh,1315,Insecticides - nes,5157,Agricultural Use,1997,1997,t,55.0,A,
16,'050,Bangladesh,1315,Insecticides - nes,5157,Agricultural Use,1998,1998,t,45.0,A,
16,'050,Bangladesh,1315,Insecticides - nes,5157,Agricultural Use,1999,1999,t,70.0,A,
16,'050,Bangladesh,1315,Insecticides - nes,5157,Agricultural Use,2000,2000,t,76.0,A,
16,'050,Bangladesh,1315,Insecticides - nes,5157,Agricultural Use,2002,2002,t,0.0,I,
16,'050,Bangladesh,1315,Insecticides - nes,5157,Agricultural Use,2003,2003,t,1.0,I,
16,'050,Bangladesh,1315,Insecticides - nes,5157,Agricultural Use,2004,2004,t,30.0,I,
16,'050,Bangladesh,1315,Insecticides - nes,5157,Agricultural Use,2005,2005,t,45.0,I,
16,'050,Bangladesh,1315,Insecticides - nes,5157,Agricultural Use,2006,2006,t,53.0,I,
16,'050,Bangladesh,1315,Insecticides - nes,5157,Agricultural Use,2007,2007,t,65.0,I,
16,'050,Bangladesh,1315,Insecticides - nes,5157,Agricultural Use,2008,2008,t,76.0,I,
16,'050,Bangladesh,1315,Insecticides - nes,5157,Agricultural Use,2009,2009,t,411.0,A,
16,'050,Bangladesh,1315,Insecticides - nes,5157,Agricultural Use,2010,2010,t,441.0,A,
16,'050,Bangladesh,1315,Insecticides - nes,5157,Agricultural Use,2011,2011,t,390.0,A,
16,'050,Bangladesh,1315,Insecticides - nes,5157,Agricultural Use,2012,2012,t,334.0,A,
16,'050,Bangladesh,1315,Insecticides - nes,5157,Agricultural Use,2013,2013,t,311.0,A,
16,'050,Bangladesh,1315,Insecticides - nes,5157,Agricultural Use,2014,2014,t,295.0,A,
16,'050,Bangladesh,1315,Insecticides - nes,5157,Agricultural Use,2015,2015,t,470.0,A,
16,'050,Bangladesh,1315,Insecticides - nes,5157,Agricultural Use,2016,2016,t,629.0,A,
16,'050,Bangladesh,1315,Insecticides - nes,5157,Agricultural Use,2017,2017,t,594.0,A,
16,'050,Bangladesh,1315,Insecticides - nes,5157,Agricultural Use,2020,2020,t,808.0,A,
16,'050,Bangladesh,1320,Herbicides,5157,Agricultural Use,1990,1990,t,35.0,A,
16,'050,Bangladesh,1320,Herbicides,5157,Agricultural Use,1991,1991,t,35.0,A,
16,'050,Bangladesh,1320,Herbicides,5157,Agricultural Use,1992,1992,t,33.0,A,
16,'050,Bangladesh,1320,Herbicides,5157,Agricultural Use,1993,1993,t,33.0,A,
16,'050,Bangladesh,1320,Herbicides,5157,Agricultural Use,1994,1994,t,50.0,I,
16,'050,Bangladesh,1320,Herbicides,5157,Agricultural Use,1995,1995,t,66.0,A,
16,'050,Bangladesh,1320,Herbicides,5157,Agricultural Use,1996,1996,t,63.0,A,
16,'050,Bangladesh,1320,Herbicides,5157,Agricultural Use,1997,1997,t,71.0,A,
16,'050,Bangladesh,1320,Herbicides,5157,Agricultural Use,1998,1998,t,81.0,A,
16,'050,Bangladesh,1320,Herbicides,5157,Agricultural Use,1999,1999,t,77.0,A,
16,'050,Bangladesh,1320,Herbicides,5157,Agricultural Use,2000,2000,t,80.0,A,
16,'050,Bangladesh,1320,Herbicides,5157,Agricultural Use,2001,2001,t,158.0,E,
16,'050,Bangladesh,1320,Herbicides,5157,Agricultural Use,2002,2002,t,128.0,E,
16,'050,Bangladesh,1320,Herbicides,5157,Agricultural Use,2003,2003,t,229.0,E,
16,'050,Bangladesh,1320,Herbicides,5157,Agricultural Use,2004,2004,t,617.0,E,
16,'050,Bangladesh,1320,Herbicides,5157,Agricultural Use,2005,2005,t,486.0,E,
16,'050,Bangladesh,1320,Herbicides,5157,Agricultural Use,2006,2006,t,565.0,E,
16,'050,Bangladesh,1320,Herbicides,5157,Agricultural Use,2007,2007,t,655.0,E,
16,'050,Bangladesh,1320,Herbicides,5157,Agricultural Use,2008,2008,t,773.0,E,
16,'050,Bangladesh,1320,Herbicides,5157,Agricultural Use,2009,2009,t,774.0,A,
16,'050,Bangladesh,1320,Herbicides,5157,Agricultural Use,2010,2010,t,659.0,A,
16,'050,Bangladesh,1320,Herbicides,5157,Agricultural Use,2011,2011,t,638.0,A,
16,'050,Bangladesh,1320,Herbicides,5157,Agricultural Use,2012,2012,t,749.0,A,
16,'050,Bangladesh,1320,Herbicides,5157,Agricultural Use,2013,2013,t,699.0,A,
16,'050,Bangladesh,1320,Herbicides,5157,Agricultural Use,2014,2014,t,734.0,A,
16,'050,Bangladesh,1320,Herbicides,5157,Agricultural Use,2015,2015,t,851.0,A,
16,'050,Bangladesh,1320,Herbicides,5157,Agricultural Use,2016,2016,t,1050.0,A,
16,'050,Bangladesh,1320,Herbicides,5157,Agricultural Use,2017,2017,t,1195.0,A,
16,'050,Bangladesh,1320,Herbicides,5157,Agricultural Use,2018,2018,t,1269.0,I,
16,'050,Bangladesh,1320,Herbicides,5157,Agricultural Use,2019,2019,t,1342.0,I,
16,'050,Bangladesh,1320,Herbicides,5157,Agricultural Use,2020,2020,t,1416.0,A,
16,'050,Bangladesh,1320,Herbicides,5157,Agricultural Use,2021,2021,t,1416.0,I,
16,'050,Bangladesh,1320,Herbicides,5157,Agricultural Use,2022,2022,t,1416.0,I,
16,'050,Bangladesh,1320,Herbicides,5157,Agricultural Use,2023,2023,t,1416.0,I,
16,'050,Bangladesh,1320,Herbicides,5157,Agricultural Use,2024,2024,t,1416.0,I,
16,'050,Bangladesh,1321,Herbicides â Phenoxy hormone products,5157,Agricultural Use,1990,1990,t,9.0,A,
16,'050,Bangladesh,1321,Herbicides â Phenoxy hormone products,5157,Agricultural Use,1991,1991,t,10.0,A,
16,'050,Bangladesh,1321,Herbicides â Phenoxy hormone products,5157,Agricultural Use,1992,1992,t,10.0,A,
16,'050,Bangladesh,1321,Herbicides â Phenoxy hormone products,5157,Agricultural Use,1993,1993,t,6.0,A,
16,'050,Bangladesh,1321,Herbicides â Phenoxy hormone products,5157,Agricultural Use,1995,1995,t,32.0,A,
16,'050,Bangladesh,1321,Herbicides â Phenoxy hormone products,5157,Agricultural Use,1996,1996,t,30.0,A,
16,'050,Bangladesh,1321,Herbicides â Phenoxy hormone products,5157,Agricultural Use,1997,1997,t,25.0,A,
16,'050,Bangladesh,1321,Herbicides â Phenoxy hormone products,5157,Agricultural Use,1998,1998,t,28.0,A,
16,'050,Bangladesh,1321,Herbicides â Phenoxy hormone products,5157,Agricultural Use,1999,1999,t,22.0,A,
16,'050,Bangladesh,1321,Herbicides â Phenoxy hormone products,5157,Agricultural Use,2000,2000,t,20.0,A,
16,'050,Bangladesh,1321,Herbicides â Phenoxy hormone products,5157,Agricultural Use,2001,2001,t,45.0,I,
16,'050,Bangladesh,1321,Herbicides â Phenoxy hormone products,5157,Agricultural Use,2002,2002,t,36.0,I,
16,'050,Bangladesh,1321,Herbicides â Phenoxy hormone products,5157,Agricultural Use,2003,2003,t,39.0,I,
16,'050,Bangladesh,1321,Herbicides â Phenoxy hormone products,5157,Agricultural Use,2004,2004,t,50.0,I,
16,'050,Bangladesh,1321,Herbicides â Phenoxy hormone products,5157,Agricultural Use,2005,2005,t,48.0,I,
16,'050,Bangladesh,1321,Herbicides â Phenoxy hormone products,5157,Agricultural Use,2006,2006,t,63.0,I,
16,'050,Bangladesh,1321,Herbicides â Phenoxy hormone products,5157,Agricultural Use,2007,2007,t,72.0,I,
16,'050,Bangladesh,1321,Herbicides â Phenoxy hormone products,5157,Agricultural Use,2008,2008,t,86.0,I,
16,'050,Bangladesh,1321,Herbicides â Phenoxy hormone products,5157,Agricultural Use,2009,2009,t,24.0,A,
16,'050,Bangladesh,1321,Herbicides â Phenoxy hormone products,5157,Agricultural Use,2010,2010,t,35.0,A,
16,'050,Bangladesh,1321,Herbicides â Phenoxy hormone products,5157,Agricultural Use,2015,2015,t,65.0,A,
16,'050,Bangladesh,1321,Herbicides â Phenoxy hormone products,5157,Agricultural Use,2016,2016,t,86.0,A,
16,'050,Bangladesh,1321,Herbicides â Phenoxy hormone products,5157,Agricultural Use,2017,2017,t,107.0,A,
16,'050,Bangladesh,1321,Herbicides â Phenoxy hormone products,5157,Agricultural Use,2020,2020,t,172.0,A,
16,'050,Bangladesh,1322,Herbicides â Triazines,5157,Agricultural Use,2009,2009,t,1.0,A,
16,'050,Bangladesh,1322,Herbicides â Triazines,5157,Agricultural Use,2010,2010,t,1.0,A,
16,'050,Bangladesh,1322,Herbicides â Triazines,5157,Agricultural Use,2015,2015,t,9.0,A,
16,'050,Bangladesh,1322,Herbicides â Triazines,5157,Agricultural Use,2016,2016,t,23.0,A,
16,'050,Bangladesh,1322,Herbicides â Triazines,5157,Agricultural Use,2017,2017,t,20.0,A,
16,'050,Bangladesh,1322,Herbicides â Triazines,5157,Agricultural Use,2020,2020,t,65.0,A,
16,'050,Bangladesh,1323,Herbicides â Amides,5157,Agricultural Use,1998,1998,t,3.0,A,
16,'050,Bangladesh,1323,Herbicides â Amides,5157,Agricultural Use,1999,1999,t,10.0,A,
16,'050,Bangladesh,1323,Herbicides â Amides,5157,Agricultural Use,2000,2000,t,7.0,A,
16,'050,Bangladesh,1323,Herbicides â Amides,5157,Agricultural Use,2001,2001,t,788.0,I,
16,'050,Bangladesh,1323,Herbicides â Amides,5157,Agricultural Use,2002,2002,t,640.0,I,
16,'050,Bangladesh,1323,Herbicides â Amides,5157,Agricultural Use,2003,2003,t,1184.0,I,
16,'050,Bangladesh,1323,Herbicides â Amides,5157,Agricultural Use,2004,2004,t,3282.0,I,
16,'050,Bangladesh,1323,Herbicides â Amides,5157,Agricultural Use,2005,2005,t,2559.0,I,
16,'050,Bangladesh,1323,Herbicides â Amides,5157,Agricultural Use,2006,2006,t,2908.0,I,
16,'050,Bangladesh,1323,Herbicides â Amides,5157,Agricultural Use,2007,2007,t,3374.0,I,
16,'050,Bangladesh,1323,Herbicides â Amides,5157,Agricultural Use,2008,2008,t,3982.0,I,
16,'050,Bangladesh,1323,Herbicides â Amides,5157,Agricultural Use,2009,2009,t,627.0,A,
16,'050,Bangladesh,1323,Herbicides â Amides,5157,Agricultural Use,2010,2010,t,487.0,A,
16,'050,Bangladesh,1323,Herbicides â Amides,5157,Agricultural Use,2015,2015,t,452.0,A,
16,'050,Bangladesh,1323,Herbicides â Amides,5157,Agricultural Use,2016,2016,t,413.0,A,
16,'050,Bangladesh,1323,Herbicides â Amides,5157,Agricultural Use,2017,2017,t,490.0,A,
16,'050,Bangladesh,1323,Herbicides â Amides,5157,Agricultural Use,2020,2020,t,511.0,A,
16,'050,Bangladesh,1325,Herbicides â Dinitroanilines,5157,Agricultural Use,2009,2009,t,1.0,A,
16,'050,Bangladesh,1325,Herbicides â Dinitroanilines,5157,Agricultural Use,2010,2010,t,3.0,A,
16,'050,Bangladesh,1325,Herbicides â Dinitroanilines,5157,Agricultural Use,2015,2015,t,21.0,A,
16,'050,Bangladesh,1325,Herbicides â Dinitroanilines,5157,Agricultural Use,2016,2016,t,46.0,A,
16,'050,Bangladesh,1325,Herbicides â Dinitroanilines,5157,Agricultural Use,2017,2017,t,53.0,A,
16,'050,Bangladesh,1325,Herbicides â Dinitroanilines,5157,Agricultural Use,2020,2020,t,71.0,A,
16,'050,Bangladesh,1328,Herbicides â Sulfonyl ureas,5157,Agricultural Use,2009,2009,t,9.0,A,
16,'050,Bangladesh,1328,Herbicides â Sulfonyl ureas,5157,Agricultural Use,2010,2010,t,13.0,A,
16,'050,Bangladesh,1328,Herbicides â Sulfonyl ureas,5157,Agricultural Use,2015,2015,t,33.0,A,
16,'050,Bangladesh,1328,Herbicides â Sulfonyl ureas,5157,Agricultural Use,2016,2016,t,37.0,A,
16,'050,Bangladesh,1328,Herbicides â Sulfonyl ureas,5157,Agricultural Use,2017,2017,t,36.0,A,
16,'050,Bangladesh,1328,Herbicides â Sulfonyl ureas,5157,Agricultural Use,2020,2020,t,52.0,A,
16,'050,Bangladesh,1329,Herbicides â Bipiridils,5157,Agricultural Use,1995,1995,t,12.0,A,
16,'050,Bangladesh,1329,Herbicides â Bipiridils,5157,Agricultural Use,1996,1996,t,20.0,A,
16,'050,Bangladesh,1329,Herbicides â Bipiridils,5157,Agricultural Use,1997,1997,t,18.0,A,
16,'050,Bangladesh,1329,Herbicides â Bipiridils,5157,Agricultural Use,1998,1998,t,15.0,A,
16,'050,Bangladesh,1329,Herbicides â Bipiridils,5157,Agricultural Use,1999,1999,t,11.0,A,
16,'050,Bangladesh,1329,Herbicides â Bipiridils,5157,Agricultural Use,2000,2000,t,8.0,A,
16,'050,Bangladesh,1329,Herbicides â Bipiridils,5157,Agricultural Use,2009,2009,t,20.0,A,
16,'050,Bangladesh,1329,Herbicides â Bipiridils,5157,Agricultural Use,2010,2010,t,23.0,A,
16,'050,Bangladesh,1329,Herbicides â Bipiridils,5157,Agricultural Use,2015,2015,t,117.0,A,
16,'050,Bangladesh,1329,Herbicides â Bipiridils,5157,Agricultural Use,2016,2016,t,159.0,A,
16,'050,Bangladesh,1329,Herbicides â Bipiridils,5157,Agricultural Use,2017,2017,t,182.0,A,
16,'050,Bangladesh,1329,Herbicides â Bipiridils,5157,Agricultural Use,2020,2020,t,211.0,A,
16,'050,Bangladesh,1327,Herbicides - nes,5157,Agricultural Use,1990,1990,t,26.0,A,
16,'050,Bangladesh,1327,Herbicides - nes,5157,Agricultural Use,1991,1991,t,25.0,A,
16,'050,Bangladesh,1327,Herbicides - nes,5157,Agricultural Use,1992,1992,t,23.0,A,
16,'050,Bangladesh,1327,Herbicides - nes,5157,Agricultural Use,1993,1993,t,27.0,A,
16,'050,Bangladesh,1327,Herbicides - nes,5157,Agricultural Use,1995,1995,t,22.0,A,
16,'050,Bangladesh,1327,Herbicides - nes,5157,Agricultural Use,1996,1996,t,13.0,A,
16,'050,Bangladesh,1327,Herbicides - nes,5157,Agricultural Use,1997,1997,t,28.0,A,
16,'050,Bangladesh,1327,Herbicides - nes,5157,Agricultural Use,1998,1998,t,35.0,A,
16,'050,Bangladesh,1327,Herbicides - nes,5157,Agricultural Use,1999,1999,t,34.0,A,
16,'050,Bangladesh,1327,Herbicides - nes,5157,Agricultural Use,2000,2000,t,45.0,A,
16,'050,Bangladesh,1327,Herbicides - nes,5157,Agricultural Use,2001,2001,t,27.0,I,
16,'050,Bangladesh,1327,Herbicides - nes,5157,Agricultural Use,2002,2002,t,21.0,I,
16,'050,Bangladesh,1327,Herbicides - nes,5157,Agricultural Use,2003,2003,t,25.0,I,
16,'050,Bangladesh,1327,Herbicides - nes,5157,Agricultural Use,2004,2004,t,35.0,I,
16,'050,Bangladesh,1327,Herbicides - nes,5157,Agricultural Use,2005,2005,t,46.0,I,
16,'050,Bangladesh,1327,Herbicides - nes,5157,Agricultural Use,2006,2006,t,108.0,I,
16,'050,Bangladesh,1327,Herbicides - nes,5157,Agricultural Use,2007,2007,t,125.0,I,
16,'050,Bangladesh,1327,Herbicides - nes,5157,Agricultural Use,2008,2008,t,147.0,I,
16,'050,Bangladesh,1327,Herbicides - nes,5157,Agricultural Use,2009,2009,t,92.0,A,
16,'050,Bangladesh,1327,Herbicides - nes,5157,Agricultural Use,2010,2010,t,96.0,A,
16,'050,Bangladesh,1327,Herbicides - nes,5157,Agricultural Use,2015,2015,t,156.0,A,
16,'050,Bangladesh,1327,Herbicides - nes,5157,Agricultural Use,2016,2016,t,287.0,A,
16,'050,Bangladesh,1327,Herbicides - nes,5157,Agricultural Use,2017,2017,t,308.0,A,
16,'050,Bangladesh,1327,Herbicides - nes,5157,Agricultural Use,2020,2020,t,334.0,A,
16,'050,Bangladesh,1331,Fungicides and Bactericides,5157,Agricultural Use,1990,1990,t,276.0,A,
16,'050,Bangladesh,1331,Fungicides and Bactericides,5157,Agricultural Use,1991,1991,t,260.0,A,
16,'050,Bangladesh,1331,Fungicides and Bactericides,5157,Agricultural Use,1992,1992,t,312.0,A,
16,'050,Bangladesh,1331,Fungicides and Bactericides,5157,Agricultural Use,1993,1993,t,329.0,A,
16,'050,Bangladesh,1331,Fungicides and Bactericides,5157,Agricultural Use,1994,1994,t,402.0,I,
16,'050,Bangladesh,1331,Fungicides and Bactericides,5157,Agricultural Use,1995,1995,t,475.0,A,
16,'050,Bangladesh,1331,Fungicides and Bactericides,5157,Agricultural Use,1996,1996,t,550.0,A,
16,'050,Bangladesh,1331,Fungicides and Bactericides,5157,Agricultural Use,1997,1997,t,548.0,A,
16,'050,Bangladesh,1331,Fungicides and Bactericides,5157,Agricultural Use,1998,1998,t,599.0,A,
16,'050,Bangladesh,1331,Fungicides and Bactericides,5157,Agricultural Use,1999,1999,t,791.0,A,
16,'050,Bangladesh,1331,Fungicides and Bactericides,5157,Agricultural Use,2000,2000,t,1158.0,A,
16,'050,Bangladesh,1331,Fungicides and Bactericides,5157,Agricultural Use,2001,2001,t,2194.0,E,
16,'050,Bangladesh,1331,Fungicides and Bactericides,5157,Agricultural Use,2002,2002,t,3229.0,E,
16,'050,Bangladesh,1331,Fungicides and Bactericides,5157,Agricultural Use,2003,2003,t,4265.0,E,
16,'050,Bangladesh,1331,Fungicides and Bactericides,5157,Agricultural Use,2004,2004,t,5300.0,E,
16,'050,Bangladesh,1331,Fungicides and Bactericides,5157,Agricultural Use,2005,2005,t,6336.0,E,
16,'050,Bangladesh,1331,Fungicides and Bactericides,5157,Agricultural Use,2006,2006,t,7371.0,E,
16,'050,Bangladesh,1331,Fungicides and Bactericides,5157,Agricultural Use,2007,2007,t,8407.0,E,
16,'050,Bangladesh,1331,Fungicides and Bactericides,5157,Agricultural Use,2008,2008,t,9442.0,E,
16,'050,Bangladesh,1331,Fungicides and Bactericides,5157,Agricultural Use,2009,2009,t,10478.0,A,
16,'050,Bangladesh,1331,Fungicides and Bactericides,5157,Agricultural Use,2010,2010,t,9884.0,A,
16,'050,Bangladesh,1331,Fungicides and Bactericides,5157,Agricultural Use,2011,2011,t,11719.0,A,
16,'050,Bangladesh,1331,Fungicides and Bactericides,5157,Agricultural Use,2012,2012,t,10618.0,A,
16,'050,Bangladesh,1331,Fungicides and Bactericides,5157,Agricultural Use,2013,2013,t,12874.0,A,
16,'050,Bangladesh,1331,Fungicides and Bactericides,5157,Agricultural Use,2014,2014,t,13518.0,A,
16,'050,Bangladesh,1331,Fungicides and Bactericides,5157,Agricultural Use,2015,2015,t,10890.0,A,
16,'050,Bangladesh,1331,Fungicides and Bactericides,5157,Agricultural Use,2016,2016,t,11405.0,A,
16,'050,Bangladesh,1331,Fungicides and Bactericides,5157,Agricultural Use,2017,2017,t,11758.0,A,
16,'050,Bangladesh,1331,Fungicides and Bactericides,5157,Agricultural Use,2018,2018,t,11867.0,I,
16,'050,Bangladesh,1331,Fungicides and Bactericides,5157,Agricultural Use,2019,2019,t,11976.0,I,
16,'050,Bangladesh,1331,Fungicides and Bactericides,5157,Agricultural Use,2020,2020,t,12085.0,A,
16,'050,Bangladesh,1331,Fungicides and Bactericides,5157,Agricultural Use,2021,2021,t,12085.0,I,
16,'050,Bangladesh,1331,Fungicides and Bactericides,5157,Agricultural Use,2022,2022,t,12085.0,I,
16,'050,Bangladesh,1331,Fungicides and Bactericides,5157,Agricultural Use,2023,2023,t,12085.0,I,
16,'050,Bangladesh,1331,Fungicides and Bactericides,5157,Agricultural Use,2024,2024,t,12085.0,I,
16,'050,Bangladesh,1332,Fung & Bact â Inorganics,5157,Agricultural Use,1990,1990,t,142.0,A,
16,'050,Bangladesh,1332,Fung & Bact â Inorganics,5157,Agricultural Use,1991,1991,t,130.0,A,
16,'050,Bangladesh,1332,Fung & Bact â Inorganics,5157,Agricultural Use,1992,1992,t,175.0,A,
16,'050,Bangladesh,1332,Fung & Bact â Inorganics,5157,Agricultural Use,1993,1993,t,200.0,A,
16,'050,Bangladesh,1332,Fung & Bact â Inorganics,5157,Agricultural Use,1995,1995,t,320.0,A,
16,'050,Bangladesh,1332,Fung & Bact â Inorganics,5157,Agricultural Use,1996,1996,t,375.0,A,
16,'050,Bangladesh,1332,Fung & Bact â Inorganics,5157,Agricultural Use,1997,1997,t,265.0,A,
16,'050,Bangladesh,1332,Fung & Bact â Inorganics,5157,Agricultural Use,1998,1998,t,290.0,A,
16,'050,Bangladesh,1332,Fung & Bact â Inorganics,5157,Agricultural Use,1999,1999,t,530.0,A,
16,'050,Bangladesh,1332,Fung & Bact â Inorganics,5157,Agricultural Use,2000,2000,t,810.0,A,
16,'050,Bangladesh,1332,Fung & Bact â Inorganics,5157,Agricultural Use,2001,2001,t,20.0,I,
16,'050,Bangladesh,1332,Fung & Bact â Inorganics,5157,Agricultural Use,2002,2002,t,15.0,I,
16,'050,Bangladesh,1332,Fung & Bact â Inorganics,5157,Agricultural Use,2003,2003,t,27.0,I,
16,'050,Bangladesh,1332,Fung & Bact â Inorganics,5157,Agricultural Use,2004,2004,t,47.0,I,
16,'050,Bangladesh,1332,Fung & Bact â Inorganics,5157,Agricultural Use,2005,2005,t,60.0,I,
16,'050,Bangladesh,1332,Fung & Bact â Inorganics,5157,Agricultural Use,2006,2006,t,63.0,I,
16,'050,Bangladesh,1332,Fung & Bact â Inorganics,5157,Agricultural Use,2007,2007,t,75.0,I,
16,'050,Bangladesh,1332,Fung & Bact â Inorganics,5157,Agricultural Use,2008,2008,t,89.0,I,
16,'050,Bangladesh,1332,Fung & Bact â Inorganics,5157,Agricultural Use,2009,2009,t,8084.0,A,
16,'050,Bangladesh,1332,Fung & Bact â Inorganics,5157,Agricultural Use,2010,2010,t,7793.0,A,
16,'050,Bangladesh,1332,Fung & Bact â Inorganics,5157,Agricultural Use,2015,2015,t,8806.0,A,
16,'050,Bangladesh,1332,Fung & Bact â Inorganics,5157,Agricultural Use,2016,2016,t,8516.0,A,
16,'050,Bangladesh,1332,Fung & Bact â Inorganics,5157,Agricultural Use,2017,2017,t,8362.0,A,
16,'050,Bangladesh,1332,Fung & Bact â Inorganics,5157,Agricultural Use,2020,2020,t,8713.0,A,
16,'050,Bangladesh,1333,Fung & Bact â Dithiocarbamates,5157,Agricultural Use,1990,1990,t,130.0,A,
16,'050,Bangladesh,1333,Fung & Bact â Dithiocarbamates,5157,Agricultural Use,1991,1991,t,125.0,A,
16,'050,Bangladesh,1333,Fung & Bact â Dithiocarbamates,5157,Agricultural Use,1992,1992,t,131.0,A,
16,'050,Bangladesh,1333,Fung & Bact â Dithiocarbamates,5157,Agricultural Use,1993,1993,t,120.0,A,
16,'050,Bangladesh,1333,Fung & Bact â Dithiocarbamates,5157,Agricultural Use,1995,1995,t,132.0,A,
16,'050,Bangladesh,1333,Fung & Bact â Dithiocarbamates,5157,Agricultural Use,1996,1996,t,155.0,A,
16,'050,Bangladesh,1333,Fung & Bact â Dithiocarbamates,5157,Agricultural Use,1997,1997,t,262.0,A,
16,'050,Bangladesh,1333,Fung & Bact â Dithiocarbamates,5157,Agricultural Use,1998,1998,t,280.0,A,
16,'050,Bangladesh,1333,Fung & Bact â Dithiocarbamates,5157,Agricultural Use,1999,1999,t,230.0,A,
16,'050,Bangladesh,1333,Fung & Bact â Dithiocarbamates,5157,Agricultural Use,2000,2000,t,310.0,A,
16,'050,Bangladesh,1333,Fung & Bact â Dithiocarbamates,5157,Agricultural Use,2001,2001,t,487.0,I,
16,'050,Bangladesh,1333,Fung & Bact â Dithiocarbamates,5157,Agricultural Use,2002,2002,t,476.0,I,
16,'050,Bangladesh,1333,Fung & Bact â Dithiocarbamates,5157,Agricultural Use,2003,2003,t,603.0,I,
16,'050,Bangladesh,1333,Fung & Bact â Dithiocarbamates,5157,Agricultural Use,2004,2004,t,866.0,I,
16,'050,Bangladesh,1333,Fung & Bact â Dithiocarbamates,5157,Agricultural Use,2005,2005,t,1292.0,I,
16,'050,Bangladesh,1333,Fung & Bact â Dithiocarbamates,5157,Agricultural Use,2006,2006,t,1432.0,I,
16,'050,Bangladesh,1333,Fung & Bact â Dithiocarbamates,5157,Agricultural Use,2007,2007,t,1721.0,I,
16,'050,Bangladesh,1333,Fung & Bact â Dithiocarbamates,5157,Agricultural Use,2008,2008,t,2030.0,I,
16,'050,Bangladesh,1333,Fung & Bact â Dithiocarbamates,5157,Agricultural Use,2009,2009,t,1361.0,A,
16,'050,Bangladesh,1333,Fung & Bact â Dithiocarbamates,5157,Agricultural Use,2010,2010,t,1373.0,A,
16,'050,Bangladesh,1333,Fung & Bact â Dithiocarbamates,5157,Agricultural Use,2015,2015,t,1567.0,A,
16,'050,Bangladesh,1333,Fung & Bact â Dithiocarbamates,5157,Agricultural Use,2016,2016,t,1932.0,A,
16,'050,Bangladesh,1333,Fung & Bact â Dithiocarbamates,5157,Agricultural Use,2017,2017,t,2337.0,A,
16,'050,Bangladesh,1333,Fung & Bact â Dithiocarbamates,5157,Agricultural Use,2020,2020,t,2361.0,A,
16,'050,Bangladesh,1334,Fung & Bact â Benzimidazoles,5157,Agricultural Use,1992,1992,t,1.0,A,
16,'050,Bangladesh,1334,Fung & Bact â Benzimidazoles,5157,Agricultural Use,1993,1993,t,1.0,A,
16,'050,Bangladesh,1334,Fung & Bact â Benzimidazoles,5157,Agricultural Use,1995,1995,t,7.0,A,
16,'050,Bangladesh,1334,Fung & Bact â Benzimidazoles,5157,Agricultural Use,1996,1996,t,5.0,A,
16,'050,Bangladesh,1334,Fung & Bact â Benzimidazoles,5157,Agricultural Use,1997,1997,t,5.0,A,
16,'050,Bangladesh,1334,Fung & Bact â Benzimidazoles,5157,Agricultural Use,1998,1998,t,7.0,A,
16,'050,Bangladesh,1334,Fung & Bact â Benzimidazoles,5157,Agricultural Use,1999,1999,t,11.0,A,
16,'050,Bangladesh,1334,Fung & Bact â Benzimidazoles,5157,Agricultural Use,2000,2000,t,13.0,A,
16,'050,Bangladesh,1334,Fung & Bact â Benzimidazoles,5157,Agricultural Use,2001,2001,t,48.0,I,
16,'050,Bangladesh,1334,Fung & Bact â Benzimidazoles,5157,Agricultural Use,2002,2002,t,32.0,I,
16,'050,Bangladesh,1334,Fung & Bact â Benzimidazoles,5157,Agricultural Use,2003,2003,t,53.0,I,
16,'050,Bangladesh,1334,Fung & Bact â Benzimidazoles,5157,Agricultural Use,2004,2004,t,77.0,I,
16,'050,Bangladesh,1334,Fung & Bact â Benzimidazoles,5157,Agricultural Use,2005,2005,t,92.0,I,
16,'050,Bangladesh,1334,Fung & Bact â Benzimidazoles,5157,Agricultural Use,2006,2006,t,175.0,I,
16,'050,Bangladesh,1334,Fung & Bact â Benzimidazoles,5157,Agricultural Use,2007,2007,t,210.0,I,
16,'050,Bangladesh,1334,Fung & Bact â Benzimidazoles,5157,Agricultural Use,2008,2008,t,248.0,I,
16,'050,Bangladesh,1334,Fung & Bact â Benzimidazoles,5157,Agricultural Use,2009,2009,t,181.0,A,
16,'050,Bangladesh,1334,Fung & Bact â Benzimidazoles,5157,Agricultural Use,2010,2010,t,178.0,A,
16,'050,Bangladesh,1334,Fung & Bact â Benzimidazoles,5157,Agricultural Use,2015,2015,t,209.0,A,
16,'050,Bangladesh,1334,Fung & Bact â Benzimidazoles,5157,Agricultural Use,2016,2016,t,255.0,A,
16,'050,Bangladesh,1334,Fung & Bact â Benzimidazoles,5157,Agricultural Use,2017,2017,t,244.0,A,
16,'050,Bangladesh,1334,Fung & Bact â Benzimidazoles,5157,Agricultural Use,2020,2020,t,270.0,A,
16,'050,Bangladesh,1335,"Fung & Bact â Triazoles, diazoles",5157,Agricultural Use,1992,1992,t,1.0,A,
16,'050,Bangladesh,1335,"Fung & Bact â Triazoles, diazoles",5157,Agricultural Use,1993,1993,t,1.0,A,
16,'050,Bangladesh,1335,"Fung & Bact â Triazoles, diazoles",5157,Agricultural Use,1995,1995,t,5.0,A,
16,'050,Bangladesh,1335,"Fung & Bact â Triazoles, diazoles",5157,Agricultural Use,1996,1996,t,6.0,A,
16,'050,Bangladesh,1335,"Fung & Bact â Triazoles, diazoles",5157,Agricultural Use,1997,1997,t,5.0,A,
16,'050,Bangladesh,1335,"Fung & Bact â Triazoles, diazoles",5157,Agricultural Use,1998,1998,t,6.0,A,
16,'050,Bangladesh,1335,"Fung & Bact â Triazoles, diazoles",5157,Agricultural Use,1999,1999,t,9.0,A,
16,'050,Bangladesh,1335,"Fung & Bact â Triazoles, diazoles",5157,Agricultural Use,2000,2000,t,11.0,A,
16,'050,Bangladesh,1335,"Fung & Bact â Triazoles, diazoles",5157,Agricultural Use,2001,2001,t,48.0,I,
16,'050,Bangladesh,1335,"Fung & Bact â Triazoles, diazoles",5157,Agricultural Use,2002,2002,t,30.0,I,
16,'050,Bangladesh,1335,"Fung & Bact â Triazoles, diazoles",5157,Agricultural Use,2003,2003,t,63.0,I,
16,'050,Bangladesh,1335,"Fung & Bact â Triazoles, diazoles",5157,Agricultural Use,2004,2004,t,92.0,I,
16,'050,Bangladesh,1335,"Fung & Bact â Triazoles, diazoles",5157,Agricultural Use,2005,2005,t,180.0,I,
16,'050,Bangladesh,1335,"Fung & Bact â Triazoles, diazoles",5157,Agricultural Use,2006,2006,t,281.0,I,
16,'050,Bangladesh,1335,"Fung & Bact â Triazoles, diazoles",5157,Agricultural Use,2007,2007,t,338.0,I,
16,'050,Bangladesh,1335,"Fung & Bact â Triazoles, diazoles",5157,Agricultural Use,2008,2008,t,399.0,I,
16,'050,Bangladesh,1335,"Fung & Bact â Triazoles, diazoles",5157,Agricultural Use,2009,2009,t,126.0,A,
16,'050,Bangladesh,1335,"Fung & Bact â Triazoles, diazoles",5157,Agricultural Use,2010,2010,t,115.0,A,
16,'050,Bangladesh,1335,"Fung & Bact â Triazoles, diazoles",5157,Agricultural Use,2015,2015,t,135.0,A,
16,'050,Bangladesh,1335,"Fung & Bact â Triazoles, diazoles",5157,Agricultural Use,2016,2016,t,245.0,A,
16,'050,Bangladesh,1335,"Fung & Bact â Triazoles, diazoles",5157,Agricultural Use,2017,2017,t,222.0,A,
16,'050,Bangladesh,1335,"Fung & Bact â Triazoles, diazoles",5157,Agricultural Use,2020,2020,t,325.0,A,
16,'050,Bangladesh,1336,"Fung & Bact â Diazines, morpholines",5157,Agricultural Use,1992,1992,t,1.0,A,
16,'050,Bangladesh,1336,"Fung & Bact â Diazines, morpholines",5157,Agricultural Use,1993,1993,t,1.0,A,
16,'050,Bangladesh,1336,"Fung & Bact â Diazines, morpholines",5157,Agricultural Use,1995,1995,t,5.0,A,
16,'050,Bangladesh,1336,"Fung & Bact â Diazines, morpholines",5157,Agricultural Use,1996,1996,t,4.0,A,
16,'050,Bangladesh,1336,"Fung & Bact â Diazines, morpholines",5157,Agricultural Use,1997,1997,t,2.0,A,
16,'050,Bangladesh,1336,"Fung & Bact â Diazines, morpholines",5157,Agricultural Use,1998,1998,t,5.0,A,
16,'050,Bangladesh,1336,"Fung & Bact â Diazines, morpholines",5157,Agricultural Use,1999,1999,t,5.0,A,
16,'050,Bangladesh,1336,"Fung & Bact â Diazines, morpholines",5157,Agricultural Use,2000,2000,t,3.0,A,
16,'050,Bangladesh,1336,"Fung & Bact â Diazines, morpholines",5157,Agricultural Use,2009,2009,t,1.0,A,
16,'050,Bangladesh,1336,"Fung & Bact â Diazines, morpholines",5157,Agricultural Use,2010,2010,t,1.0,A,
16,'050,Bangladesh,1337,Fung & Bact - nes,5157,Agricultural Use,1990,1990,t,4.0,A,
16,'050,Bangladesh,1337,Fung & Bact - nes,5157,Agricultural Use,1991,1991,t,5.0,A,
16,'050,Bangladesh,1337,Fung & Bact - nes,5157,Agricultural Use,1992,1992,t,3.0,A,
16,'050,Bangladesh,1337,Fung & Bact - nes,5157,Agricultural Use,1993,1993,t,6.0,A,
16,'050,Bangladesh,1337,Fung & Bact - nes,5157,Agricultural Use,1995,1995,t,6.0,A,
16,'050,Bangladesh,1337,Fung & Bact - nes,5157,Agricultural Use,1996,1996,t,5.0,A,
16,'050,Bangladesh,1337,Fung & Bact - nes,5157,Agricultural Use,1997,1997,t,9.0,A,
16,'050,Bangladesh,1337,Fung & Bact - nes,5157,Agricultural Use,1998,1998,t,11.0,A,
16,'050,Bangladesh,1337,Fung & Bact - nes,5157,Agricultural Use,1999,1999,t,6.0,A,
16,'050,Bangladesh,1337,Fung & Bact - nes,5157,Agricultural Use,2000,2000,t,11.0,A,
16,'050,Bangladesh,1337,Fung & Bact - nes,5157,Agricultural Use,2009,2009,t,725.0,A,
16,'050,Bangladesh,1337,Fung & Bact - nes,5157,Agricultural Use,2010,2010,t,425.0,A,
16,'050,Bangladesh,1337,Fung & Bact - nes,5157,Agricultural Use,2015,2015,t,173.0,A,
16,'050,Bangladesh,1337,Fung & Bact - nes,5157,Agricultural Use,2016,2016,t,456.0,A,
16,'050,Bangladesh,1337,Fung & Bact - nes,5157,Agricultural Use,2017,2017,t,594.0,A,
16,'050,Bangladesh,1337,Fung & Bact - nes,5157,Agricultural Use,2020,2020,t,415.0,A,
16,'050,Bangladesh,1345,Rodenticides,5157,Agricultural Use,1990,1990,t,0.0,I,
16,'050,Bangladesh,1345,Rodenticides,5157,Agricultural Use,1991,1991,t,0.0,I,
16,'050,Bangladesh,1345,Rodenticides,5157,Agricultural Use,1992,1992,t,6.0,A,
16,'050,Bangladesh,1345,Rodenticides,5157,Agricultural Use,1993,1993,t,1.0,A,
16,'050,Bangladesh,1345,Rodenticides,5157,Agricultural Use,1994,1994,t,4.0,I,
16,'050,Bangladesh,1345,Rodenticides,5157,Agricultural Use,1995,1995,t,7.0,A,
16,'050,Bangladesh,1345,Rodenticides,5157,Agricultural Use,1996,1996,t,6.0,A,
16,'050,Bangladesh,1345,Rodenticides,5157,Agricultural Use,1997,1997,t,5.0,A,
16,'050,Bangladesh,1345,Rodenticides,5157,Agricultural Use,1998,1998,t,20.0,A,
16,'050,Bangladesh,1345,Rodenticides,5157,Agricultural Use,1999,1999,t,13.0,A,
16,'050,Bangladesh,1345,Rodenticides,5157,Agricultural Use,2000,2000,t,22.0,A,
16,'050,Bangladesh,1345,Rodenticides,5157,Agricultural Use,2001,2001,t,19.0,I,
16,'050,Bangladesh,1345,Rodenticides,5157,Agricultural Use,2002,2002,t,16.0,I,
16,'050,Bangladesh,1345,Rodenticides,5157,Agricultural Use,2003,2003,t,13.0,I,
16,'050,Bangladesh,1345,Rodenticides,5157,Agricultural Use,2004,2004,t,9.0,I,
16,'050,Bangladesh,1345,Rodenticides,5157,Agricultural Use,2005,2005,t,6.0,I,
16,'050,Bangladesh,1345,Rodenticides,5157,Agricultural Use,2006,2006,t,3.0,I,
16,'050,Bangladesh,1345,Rodenticides,5157,Agricultural Use,2007,2007,t,0.0,E,
16,'050,Bangladesh,1345,Rodenticides,5157,Agricultural Use,2008,2008,t,0.0,E,
16,'050,Bangladesh,1345,Rodenticides,5157,Agricultural Use,2009,2009,t,28.0,E,
16,'050,Bangladesh,1345,Rodenticides,5157,Agricultural Use,2010,2010,t,27.0,E,
16,'050,Bangladesh,1345,Rodenticides,5157,Agricultural Use,2011,2011,t,30.0,A,
16,'050,Bangladesh,1345,Rodenticides,5157,Agricultural Use,2012,2012,t,15.0,A,
16,'050,Bangladesh,1345,Rodenticides,5157,Agricultural Use,2013,2013,t,9.0,A,
16,'050,Bangladesh,1345,Rodenticides,5157,Agricultural Use,2014,2014,t,9.0,A,
16,'050,Bangladesh,1345,Rodenticides,5157,Agricultural Use,2015,2015,t,8.0,A,
16,'050,Bangladesh,1345,Rodenticides,5157,Agricultural Use,2016,2016,t,7.0,A,
16,'050,Bangladesh,1345,Rodenticides,5157,Agricultural Use,2017,2017,t,7.0,A,
16,'050,Bangladesh,1345,Rodenticides,5157,Agricultural Use,2018,2018,t,7.0,I,
16,'050,Bangladesh,1345,Rodenticides,5157,Agricultural Use,2019,2019,t,8.0,I,
16,'050,Bangladesh,1345,Rodenticides,5157,Agricultural Use,2020,2020,t,8.0,A,
16,'050,Bangladesh,1345,Rodenticides,5157,Agricultural Use,2021,2021,t,8.0,I,
16,'050,Bangladesh,1345,Rodenticides,5157,Agricultural Use,2022,2022,t,8.0,I,
16,'050,Bangladesh,1345,Rodenticides,5157,Agricultural Use,2023,2023,t,8.0,I,
16,'050,Bangladesh,1345,Rodenticides,5157,Agricultural Use,2024,2024,t,8.0,I,
16,'050,Bangladesh,1346,Rodenticides â Anti-coagulants,5157,Agricultural Use,1992,1992,t,1.0,A,
16,'050,Bangladesh,1346,Rodenticides â Anti-coagulants,5157,Agricultural Use,1993,1993,t,1.0,A,
16,'050,Bangladesh,1346,Rodenticides â Anti-coagulants,5157,Agricultural Use,1995,1995,t,2.0,A,
16,'050,Bangladesh,1346,Rodenticides â Anti-coagulants,5157,Agricultural Use,1996,1996,t,2.0,A,
16,'050,Bangladesh,1346,Rodenticides â Anti-coagulants,5157,Agricultural Use,1997,1997,t,0.0,A,
16,'050,Bangladesh,1346,Rodenticides â Anti-coagulants,5157,Agricultural Use,1998,1998,t,0.0,A,
16,'050,Bangladesh,1346,Rodenticides â Anti-coagulants,5157,Agricultural Use,1999,1999,t,0.0,A,
16,'050,Bangladesh,1346,Rodenticides â Anti-coagulants,5157,Agricultural Use,2000,2000,t,0.0,A,
16,'050,Bangladesh,1346,Rodenticides â Anti-coagulants,5157,Agricultural Use,2009,2009,t,46.0,I,
16,'050,Bangladesh,1347,Rodenticides â Other,5157,Agricultural Use,1992,1992,t,5.0,A,
16,'050,Bangladesh,1347,Rodenticides â Other,5157,Agricultural Use,1995,1995,t,5.0,A,
16,'050,Bangladesh,1347,Rodenticides â Other,5157,Agricultural Use,1996,1996,t,4.0,A,
16,'050,Bangladesh,1347,Rodenticides â Other,5157,Agricultural Use,1997,1997,t,5.0,A,
16,'050,Bangladesh,1347,Rodenticides â Other,5157,Agricultural Use,1998,1998,t,20.0,A,
16,'050,Bangladesh,1347,Rodenticides â Other,5157,Agricultural Use,1999,1999,t,13.0,A,
16,'050,Bangladesh,1347,Rodenticides â Other,5157,Agricultural Use,2000,2000,t,22.0,A,
16,'050,Bangladesh,1347,Rodenticides â Other,5157,Agricultural Use,2009,2009,t,16.0,I,
